,year,ticker,yearly adjsuted close,yearly percent change,year open,year adjusted close
0,2015,MMM,-35.61840000000001,-0.21624916519944148,164.71,129.0916
1,2016,MMM,9.081199999999995,0.06133873691320496,148.05,157.1312
2,2017,MMM,33.1643,0.1854515461611586,178.83,211.9943
3,2018,MMM,-59.63489999999999,-0.2529260327423869,235.78,176.1451
4,2019,MMM,-19.177400000000006,-0.10210520711319351,187.82,168.6426
5,2020,MMM,-4.337700000000012,-0.024412989644304436,177.68,173.3423
6,2015,AOS,-21.2292,-0.37494171670787707,56.62,35.3908
7,2016,AOS,-31.203899999999997,-0.4134609778720021,75.47,44.2661
8,2017,AOS,10.192,0.21366876310272537,47.7,57.892
9,2018,AOS,-20.564500000000002,-0.33465419039869815,61.45,40.8855
10,2019,AOS,4.239899999999999,0.10044776119402982,42.21,46.4499
11,2020,AOS,6.660700000000006,0.13902525568774798,47.91,54.5707
12,2015,ABT,-4.681899999999999,-0.1034674033149171,45.25,40.5681
13,2016,ABT,-8.368199999999995,-0.19044606281292661,43.94,35.5718
14,2017,ABT,15.4375,0.399589474392624,38.6334,54.0709
15,2018,ABT,11.5715,0.1988230240549828,58.2,69.7715
16,2019,ABT,14.798900000000003,0.21024151157834925,70.39,85.1889
17,2020,ABT,22.984099999999998,0.26707064838484773,86.06,109.0441
18,2015,ABBV,-18.681500000000007,-0.2846921670222494,65.62,46.9385
19,2016,ABBV,-6.484999999999999,-0.11169479848432655,58.06,51.575
20,2017,ABBV,19.6665,0.3125635727908455,62.92,82.5865
21,2018,ABBV,-15.363,-0.15815318097591105,97.14,81.777
22,2019,ABBV,-8.239999999999995,-0.09031126698816304,91.24,83.0
23,2020,ABBV,16.8365,0.1890042658284688,89.08,105.9165
24,2015,ABMD,52.01,1.359027959237,38.27,90.28
25,2016,ABMD,23.88000000000001,0.26891891891891906,88.8,112.68
26,2017,ABMD,74.85,0.6649786780383795,112.56,187.41
27,2018,ABMD,136.91000000000003,0.7277414553766014,188.13,325.04
28,2019,ABMD,-145.35,-0.4600557067797683,315.94,170.59
29,2020,ABMD,151.69,0.8793113442698974,172.51,324.2
30,2015,ACN,5.8506,0.06524590163934427,89.67,95.5206
31,2016,ACN,6.589299999999994,0.06421068017930222,102.62,109.2093
32,2017,ACN,28.2414,0.24059805759073097,117.38,145.6214
33,2018,ACN,-16.923699999999997,-0.11025211726384362,153.5,136.5763
34,2019,ACN,67.5831,0.4864543295184625,138.93,206.5131
35,2020,ACN,49.45889999999997,0.23455800056909784,210.86,260.3189
36,2015,ATVI,17.184900000000003,0.8490563241106721,20.24,37.4249
37,2016,ATVI,-2.8563999999999936,-0.0750696452036792,38.05,35.1936
38,2017,ATVI,25.645200000000003,0.7037650933040616,36.44,62.0852
39,2018,ATVI,-17.642899999999997,-0.2776660371419578,63.54,45.8971
40,2019,ATVI,13.787500000000001,0.3046961325966851,45.25,59.0375
41,2020,ATVI,32.94,0.5498247371056585,59.91,92.85
42,2015,ADBE,21.239999999999995,0.292159559834938,72.7,93.94
43,2016,ADBE,11.180000000000007,0.12182630489266653,91.77,102.95
44,2017,ADBE,71.81,0.6942859905249927,103.43,175.24
45,2018,ADBE,50.390000000000015,0.2865510378163208,175.85,226.24
46,2019,ADBE,109.9,0.4997498976854168,219.91,329.81
47,2020,ADBE,170.12,0.5155151515151515,330.0,500.12
48,2015,AAP,-12.759600000000006,-0.07932608019894316,160.85,148.0904
49,2016,AAP,17.404899999999998,0.11661574539363483,149.25,166.6549
50,2017,AAP,-72.3331,-0.4235454971308116,170.78,98.4469
51,2018,AAP,54.86329999999998,0.5437393458870167,100.9,155.7633
52,2019,AAP,2.5156000000000063,0.016109118852459057,156.16,158.6756
53,2020,AAP,-3.1740000000000066,-0.019779398018321223,160.47,157.296
54,2015,AMD,0.16999999999999993,0.06296296296296293,2.7,2.87
55,2016,AMD,8.57,3.0938628158844765,2.77,11.34
56,2017,AMD,-1.1400000000000006,-0.09982486865148867,11.42,10.28
57,2018,AMD,8.040000000000001,0.7715930902111325,10.42,18.46
58,2019,AMD,27.849999999999998,1.5463631315935589,18.01,45.86
59,2020,AMD,44.849999999999994,0.9571062740076823,46.86,91.71
60,2015,AES,-5.9925,-0.43235930735930733,13.86,7.8675
61,2016,AES,0.49960000000000093,0.052923728813559424,9.44,9.9396
62,2017,AES,-1.998099999999999,-0.17121679520137095,11.67,9.6719
63,2018,AES,2.5730000000000004,0.2367065317387305,10.87,13.443
64,2019,AES,4.837900000000001,0.3390259285213736,14.27,19.1079
65,2020,AES,3.386800000000001,0.16959439158738113,19.97,23.3568
66,2015,AFL,-35.0929,-0.5706162601626016,61.5,26.4071
67,2016,AFL,-27.3353,-0.4649651301241708,58.79,31.4547
68,2017,AFL,-29.514500000000005,-0.42109430731916114,70.09,40.5755
69,2018,AFL,-45.265,-0.5122793119058398,88.36,43.095
70,2019,AFL,6.502299999999998,0.14582417582417578,44.59,51.0923
71,2020,AFL,-8.8844,-0.16750377073906486,53.04,44.1556
72,2015,A,-1.2256,-0.029762020398251578,41.18,39.9544
73,2016,A,2.9491999999999976,0.07182659522649774,41.06,44.0092
74,2017,A,19.344600000000007,0.4211757021554541,45.93,65.2746
75,2018,A,-1.053200000000004,-0.015621477306437316,67.42,66.3668
76,2019,A,18.137699999999995,0.27274736842105257,66.5,84.6377
77,2020,A,32.39659999999999,0.3771431897555296,85.9,118.2966
78,2015,APD,-28.618999999999986,-0.19958853476532526,143.39,114.771
79,2016,APD,1.7694999999999936,0.013801575540129424,128.21,129.9795
80,2017,APD,8.576699999999988,0.05974296461409855,143.56,152.1367
81,2018,APD,-12.365999999999985,-0.07499999999999991,164.88,152.514
82,2019,APD,71.35770000000002,0.4533814092381983,157.39,228.7477
83,2020,APD,36.521000000000015,0.15524335812964937,235.25,271.771
84,2015,AKAM,-10.849999999999994,-0.170919974795211,63.48,52.63
85,2016,AKAM,14.88000000000001,0.2872586872586875,51.8,66.68
86,2017,AKAM,-2.2299999999999898,-0.03314999256726609,67.27,65.04
87,2018,AKAM,-4.049999999999997,-0.06218332565637951,65.13,61.08
88,2019,AKAM,27.509999999999998,0.46730083234244946,58.87,86.38
89,2020,AKAM,18.14999999999999,0.20900506678949782,86.84,104.99
90,2015,ALK,13.925599999999996,0.230023125206475,60.54,74.4656
91,2016,ALK,4.217300000000009,0.053275644264780306,79.16,83.3773
92,2017,ALK,-18.801699999999997,-0.21144511920827705,88.92,70.1183
93,2018,ALK,-14.828600000000009,-0.20027822798487313,74.04,59.2114
94,2019,ALK,7.437900000000006,0.12410979476055409,59.93,67.3679
95,2020,ALK,-16.150000000000006,-0.23697725605282471,68.15,52.0
96,2015,ALB,-8.736199999999997,-0.14471094914692723,60.37,51.6338
97,2016,ALB,25.688900000000004,0.4673258140804076,54.97,80.6589
98,2017,ALB,34.00349999999999,0.39017211703958676,87.15,121.1535
99,2018,ALB,-54.888000000000005,-0.425719382610719,128.93,74.042
100,2019,ALB,-4.2089,-0.05552638522427441,75.8,71.5911
101,2020,ALB,73.66409999999999,1.0022326530612244,73.5,147.1641
102,2015,ARE,-11.385099999999994,-0.1277645606553697,89.11,77.7249
103,2016,ARE,8.9726,0.10006245120999219,89.67,98.6426
104,2017,ARE,7.452500000000001,0.06662941439427805,111.85,119.3025
105,2018,ARE,-22.447400000000002,-0.17135419847328245,131.0,108.5526
106,2019,ARE,42.0582,0.3680276513825691,114.28,156.3382
107,2020,ARE,15.1293,0.09343111220897919,161.93,177.0593
108,2015,ALXN,4.110000000000014,0.022021003000428706,186.64,190.75
109,2016,ALXN,-64.66,-0.34575691139511255,187.01,122.35
110,2017,ALXN,-3.5999999999999943,-0.029223151229807568,123.19,119.59
111,2018,ALXN,-24.269999999999996,-0.19953958727287674,121.63,97.36
112,2019,ALXN,12.310000000000002,0.1284432387312187,95.84,108.15
113,2020,ALXN,46.88000000000001,0.42867593269934173,109.36,156.24
114,2015,ALGN,8.609999999999992,0.15041928721173992,57.24,65.85
115,2016,ALGN,31.14,0.47915063855977846,64.99,96.13
116,2017,ALGN,125.7,1.3027256710539954,96.49,222.19
117,2018,ALGN,-13.180000000000007,-0.059206684335833995,222.61,209.43
118,2019,ALGN,73.72000000000003,0.35904928891486476,205.32,279.04
119,2020,ALGN,253.18,0.9003556187766715,281.2,534.38
120,2015,ALLE,7.1547999999999945,0.12893854748603342,55.49,62.6448
121,2016,ALLE,-3.6159999999999926,-0.055733662145499276,64.88,61.264
122,2017,ALLE,12.1327,0.18769647277227722,64.64,76.7727
123,2018,ALLE,-2.391999999999996,-0.0298738603721743,80.07,77.678
124,2019,ALLE,43.99029999999999,0.559317228226319,78.65,122.6403
125,2020,ALLE,-8.7543,-0.07015225578972674,124.79,116.0357
126,2015,LNT,-40.12660000000001,-0.6017786442711459,66.68,26.5534
127,2016,LNT,-29.212700000000005,-0.4672536788227768,62.52,33.3073
128,2017,LNT,0.7120999999999995,0.018769109119662612,37.94,38.6521
129,2018,LNT,-3.0559999999999974,-0.07170342562177376,42.62,39.564
130,2019,LNT,10.620900000000006,0.2519188804554081,42.16,52.7809
131,2020,LNT,-3.5702,-0.06529261155815655,54.68,51.1098
132,2015,ALL,-14.637300000000003,-0.2073565660858479,70.59,55.9527
133,2016,ALL,7.2187999999999946,0.118574244415243,60.88,68.0988
134,2017,ALL,23.804000000000002,0.3216756756756757,74.0,97.804
135,2018,ALL,-25.358599999999996,-0.2436686845392524,104.07,78.7114
136,2019,ALL,27.823700000000002,0.3416466110019647,81.44,109.2637
137,2020,ALL,-3.8345000000000056,-0.03394263963884222,112.97,109.1355
138,2015,GOOGL,245.40999999999997,0.4607773188133683,532.6,778.01
139,2016,GOOGL,30.25,0.03968774599842561,762.2,792.45
140,2017,GOOGL,252.7800000000001,0.31573030901051696,800.62,1053.4
141,2018,GOOGL,-8.059999999999945,-0.007654175609200153,1053.02,1044.96
142,2019,GOOGL,312.19000000000005,0.3039232866043614,1027.2,1339.39
143,2020,GOOGL,404.23,0.2997827070401436,1348.41,1752.64
144,2015,GOOG,229.87,0.4345286478516474,529.01,758.88
145,2016,GOOG,28.82000000000005,0.038788694481830484,743.0,771.82
146,2017,GOOG,267.59000000000015,0.3435882949628281,778.81,1046.4
147,2018,GOOG,-12.730000000000018,-0.012143007039700879,1048.34,1035.61
148,2019,GOOG,320.44999999999993,0.31522669368562906,1016.57,1337.02
149,2020,GOOG,410.33000000000015,0.3058626215944245,1341.55,1751.88
150,2015,MO,-5.968999999999994,-0.12107505070993904,49.3,43.331
151,2016,MO,-5.342599999999997,-0.09285019117135901,57.54,52.1974
152,2017,MO,-10.611999999999995,-0.156657809270741,67.74,57.128
153,2018,MO,-29.856,-0.41750804083344983,71.51,41.654
154,2019,MO,-3.9423999999999992,-0.08060519321202207,48.91,44.9676
155,2020,MO,-9.89,-0.19705120541940627,50.19,40.3
156,2015,AMZN,363.31,1.1622944526201293,312.58,675.89
157,2016,AMZN,93.58000000000004,0.1425894040744184,656.29,749.87
158,2017,AMZN,411.55000000000007,0.54299926113574,757.92,1169.47
159,2018,AMZN,329.97,0.2815443686006826,1172.0,1501.97
160,2019,AMZN,382.6399999999999,0.2611520611520611,1465.2,1847.84
161,2020,AMZN,1381.9299999999998,0.7370293333333332,1875.0,3256.93
162,2015,AMCR,,,,
163,2016,AMCR,,,,
164,2017,AMCR,,,,
165,2018,AMCR,,,,
166,2019,AMCR,,,,
167,2020,AMCR,0.7695999999999987,0.07073529411764694,10.88,11.6496
168,2015,AEE,-9.582499999999996,-0.2070101533808597,46.29,36.7075
169,2016,AEE,3.409799999999997,0.07905865986552277,43.13,46.5398
170,2017,AEE,1.3766999999999996,0.026177980604677686,52.59,53.9667
171,2018,AEE,2.528800000000004,0.04287555103424897,58.98,61.5088
172,2019,AEE,9.245700000000014,0.14208852005532527,65.07,74.3157
173,2020,AEE,0.5495999999999981,0.0071432284897322345,76.94,77.4896
174,2015,AAL,-13.811399999999999,-0.25444731024318346,54.28,40.4686
175,2016,AAL,3.8295999999999992,0.09274884960038748,41.29,45.1196
176,2017,AAL,3.433,0.07260998307952622,47.28,50.713
177,2018,AAL,-20.7259,-0.3960615325816931,52.33,31.6041
178,2019,AAL,-2.8805000000000014,-0.0915607120152575,31.46,28.5795
179,2020,AAL,-13.21,-0.4558316080055211,28.98,15.77
180,2015,AEP,-12.164200000000001,-0.19980617608409987,60.88,48.7158
181,2016,AEP,-3.3001000000000005,-0.057075406433759954,57.82,54.5199
182,2017,AEP,2.9202000000000012,0.04634502459926998,63.01,65.9302
183,2018,AEP,-3.6950000000000074,-0.050491937687892965,73.18,69.485
184,2019,AEP,16.086100000000002,0.2156024661573516,74.61,90.6961
185,2020,AEP,-11.994699999999995,-0.12692804232804228,94.5,82.5053
186,2015,AXP,-29.487700000000004,-0.31649350649350655,93.17,63.6823
187,2016,AXP,1.0504999999999995,0.015428109854604194,68.09,69.1405
188,2017,AXP,19.282700000000006,0.25748030444652165,74.89,94.1727
189,2018,AXP,-8.036100000000005,-0.08057856211771788,99.73,91.6939
190,2019,AXP,27.606400000000008,0.29396656373123214,93.91,121.5164
191,2020,AXP,-4.540999999999997,-0.03642708166212094,124.66,120.119
192,2015,AIG,-2.710100000000004,-0.04794091632761373,56.53,53.8199
193,2016,AIG,-2.6586,-0.043827893175074184,60.66,58.0014
194,2017,AIG,-11.928000000000004,-0.18086429112964372,65.95,54.022
195,2018,AIG,-23.3127,-0.388545,60.0,36.6873
196,2019,AIG,10.107100000000003,0.25982262210796925,38.9,49.0071
197,2020,AIG,-14.029000000000003,-0.27166924864446174,51.64,37.611
198,2015,AMT,-11.254999999999995,-0.11350342880193623,99.16,87.905
199,2016,AMT,1.473099999999988,0.01529857721466391,96.29,97.7631
200,2017,AMT,27.877499999999984,0.2611964770917266,106.73,134.6075
201,2018,AMT,9.381599999999992,0.06553227158424135,143.16,152.5416
202,2019,AMT,68.42139999999998,0.43549996817516373,157.11,225.5314
203,2020,AMT,-5.219999999999999,-0.02272727272727272,229.68,224.46
204,2015,AWK,0.8642000000000039,0.016213883677298386,53.3,54.1642
205,2016,AWK,7.262099999999997,0.1216839812332439,59.68,66.9421
206,2017,AWK,13.998099999999994,0.19342407074754722,72.37,86.3681
207,2018,AWK,-3.5009000000000015,-0.03847142857142859,91.0,87.4991
208,2019,AWK,30.105499999999992,0.33284134881149796,90.45,120.5555
209,2020,AWK,29.960199999999986,0.24357886178861776,123.0,152.9602
210,2015,AMP,-40.45239999999998,-0.3041991276883741,132.98,92.5276
211,2016,AMP,-4.255400000000009,-0.04094486673722706,103.93,99.6746
212,2017,AMP,42.73490000000001,0.37777341674688913,113.1231,155.858
213,2018,AMP,-72.19039999999998,-0.42305672761368956,170.64,98.4496
214,2019,AMP,58.0008,0.5607192575406033,103.44,161.4408
215,2020,AMP,25.853200000000015,0.15431061239107088,167.54,193.3932
216,2015,ABC,3.9846000000000004,0.04397527866681382,90.61,94.5946
217,2016,ABC,-29.7847,-0.29112207995308376,102.31,72.5253
218,2017,ABC,8.169899999999998,0.10406190294230032,78.51,86.6799
219,2018,ABC,-20.703000000000003,-0.22466630493760176,92.15,71.447
220,2019,ABC,9.461500000000001,0.1283089232438297,73.74,83.2015
221,2020,ABC,11.7102,0.13673750583839328,85.64,97.3502
222,2015,AME,-1.0993999999999957,-0.020837755875663302,52.76,51.6606
223,2016,AME,-5.656199999999998,-0.10700340522133936,52.86,47.2038
224,2017,AME,21.755199999999995,0.443621533442088,49.04,70.7952
225,2018,AME,-6.2664999999999935,-0.08597201262175873,72.89,66.6235
226,2019,AME,32.0385,0.4800494456098292,66.74,98.7785
227,2020,AME,20.591399999999993,0.20560559161258105,100.15,120.7414
228,2015,AMGN,-19.981099999999998,-0.12475711788211787,160.16,140.1789
229,2016,AMGN,-29.40209999999999,-0.18491886792452825,159.0,129.5979
230,2017,AMGN,10.571799999999996,0.07149871500067628,147.86,158.4318
231,2018,AMGN,7.117899999999992,0.04059252922725972,175.35,182.4679
232,2019,AMGN,40.34739999999999,0.2095751090795761,192.52,232.8674
233,2020,AMGN,-14.788900000000012,-0.060859670781893055,243.0,228.2111
234,2015,APH,-29.263,-0.5416065148991301,54.03,24.767
235,2016,APH,-18.901600000000002,-0.37011161151360883,51.07,32.1684
236,2017,APH,-25.170399999999994,-0.37250850969365096,67.57,42.3996
237,2018,APH,-48.9627,-0.5534384537131231,88.47,39.5073
238,2019,APH,-26.385200000000005,-0.33113955823293173,79.68,53.2948
239,2020,APH,-43.306700000000006,-0.3995083025830259,108.4,65.0933
240,2015,ADI,-6.367899999999999,-0.11436602011494251,55.68,49.3121
241,2016,ADI,12.303000000000004,0.2268252212389381,54.24,66.543
242,2017,ADI,10.774900000000002,0.14841460055096423,72.6,83.3749
243,2018,ADI,-7.238500000000002,-0.08111272971761545,89.24,82.0015
244,2019,ADI,31.828000000000003,0.37876948708794483,84.03,115.858
245,2020,ADI,26.959700000000012,0.22445841312130557,120.11,147.0697
246,2015,ANSS,10.409999999999997,0.12681203557071502,82.09,92.5
247,2016,ANSS,1.0899999999999892,0.011925601750546928,91.4,92.49
248,2017,ANSS,54.47,0.5849441580756013,93.12,147.59
249,2018,ANSS,-5.210000000000008,-0.03516706041174491,148.15,142.94
250,2019,ANSS,117.22000000000003,0.8361509380126972,140.19,257.41
251,2020,ANSS,106.79000000000002,0.41550912415859315,257.01,363.8
252,2015,ANTM,2.922699999999992,0.023076983813659628,126.65,129.5727
253,2016,ANTM,-1.4540999999999826,-0.010562981258172182,137.66,136.2059
254,2017,ANTM,71.6577,0.49576380240763807,144.54,216.1977
255,2018,ANTM,30.351400000000012,0.13489511111111116,225.0,255.3514
256,2019,ANTM,38.6395,0.14952788204790834,258.41,297.0495
257,2020,ANTM,17.336599999999976,0.05727888459378192,302.67,320.0066
258,2015,AON,-8.48939999999999,-0.08890355010995905,95.49,87.0006
259,2016,AON,15.855400000000003,0.17479219490684603,90.71,106.5654
260,2017,AON,17.365499999999997,0.15492461414934425,112.09,129.4555
261,2018,AON,8.08420000000001,0.06021750465549355,134.25,142.3342
262,2019,AON,62.34039999999999,0.4341858197520545,143.58,205.9204
263,2020,AON,1.5926000000000045,0.007612810707457,209.2,210.7926
264,2015,APA,-22.5753,-0.3630636860726922,62.18,39.6047
265,2016,APA,13.429900000000004,0.3035005649717515,44.25,57.6799
266,2017,APA,-25.56499999999999,-0.39507031370730944,64.71,39.145
267,2018,APA,-17.746399999999998,-0.4160937866354044,42.65,24.9036
268,2019,APA,-0.4433000000000007,-0.017309644670050788,25.61,25.1667
269,2020,APA,-11.5313,-0.4486887159533074,25.7,14.1687
270,2015,AAPL,-87.0495,-0.7814839752221923,111.39,24.3405
271,2016,AAPL,-75.2316,-0.7331800019491278,102.61,27.3784
272,2017,AAPL,-75.1498,-0.6489620034542315,115.8,40.6502
273,2018,AAPL,-131.7013,-0.7739850728725906,170.16,38.4587
274,2019,AAPL,-82.21599999999998,-0.5308025050035509,154.89,72.674
275,2020,AAPL,-163.7486,-0.5527565487442614,296.24,132.4914
276,2015,AMAT,-7.661099999999998,-0.3065666266506602,24.99,17.3289
277,2016,AMAT,12.128800000000002,0.6624139814309122,18.31,30.4388
278,2017,AMAT,16.2952,0.5035599505562424,32.36,48.6552
279,2018,AMAT,-20.0148,-0.38728328173374615,51.68,31.6652
280,2019,AMAT,28.085,0.8765605493133584,32.04,60.125
281,2020,AMAT,24.145700000000005,0.38944677419354845,62.0,86.1457
282,2015,APTV,-6.068100000000001,-0.08264914192318171,73.42,67.3519
283,2016,APTV,-30.6066,-0.36242273534635877,84.45,53.8434
284,2017,APTV,15.084199999999996,0.222349646226415,67.84,82.9242
285,2018,APTV,-24.1113,-0.2840299210743315,84.89,60.7787
286,2019,APTV,34.3897,0.5698376139188069,60.35,94.7397
287,2020,APTV,34.349999999999994,0.358036272670419,95.94,130.29
288,2015,ADM,-21.1228,-0.4046513409961686,52.2,31.0772
289,2016,ADM,3.7920000000000016,0.10501246192190533,36.11,39.902
290,2017,ADM,-9.568100000000001,-0.20941343838914428,45.69,36.1219
291,2018,ADM,-2.177900000000001,-0.05417661691542291,40.2,38.0221
292,2019,ADM,3.9450999999999965,0.09724180428888332,40.57,44.5151
293,2020,ADM,3.4947000000000017,0.0750418724500752,46.57,50.0647
294,2015,ANET,17.080000000000005,0.28110599078341025,60.76,77.84
295,2016,ANET,18.92,0.24303147077713555,77.85,96.77
296,2017,ANET,138.04000000000002,1.4152142710682798,97.54,235.58
297,2018,ANET,-24.880000000000024,-0.10561168180660507,235.58,210.7
298,2019,ANET,-1.5999999999999943,-0.00780487804878046,205.0,203.4
299,2020,ANET,84.88999999999999,0.41272851030727337,205.68,290.57
300,2015,AJG,-11.032800000000002,-0.23349841269841273,47.25,36.2172
301,2016,AJG,7.082700000000003,0.17531435643564364,40.4,47.4827
302,2017,AJG,7.3629999999999995,0.14159615384615384,52.0,59.363
303,2018,AJG,7.205700000000007,0.1133863099921323,63.55,70.7557
304,2019,AJG,20.580200000000005,0.2832397467657584,72.66,93.2402
305,2020,AJG,27.609399999999994,0.28877104905344625,95.61,123.2194
306,2015,AIZ,3.0855999999999995,0.04503210741389375,68.52,71.6056
307,2016,AIZ,5.662599999999998,0.071732961743096,78.94,84.6026
308,2017,AIZ,0.2481999999999971,0.002650576676633886,93.64,93.8882
309,2018,AIZ,-16.179500000000004,-0.1594982255520505,101.44,85.2605
310,2019,AIZ,39.3977,0.4461295436530404,88.31,127.7077
311,2020,AIZ,3.9747999999999877,0.0302220194647201,131.52,135.4948
312,2015,T,-8.319099999999999,-0.24641883886255922,33.76,25.4409
313,2016,T,-1.0366999999999962,-0.030419600938967027,34.08,33.0433
314,2017,T,-10.949799999999996,-0.2564956664324197,42.69,31.7402
315,2018,T,-14.3792,-0.3681310803891449,39.06,24.6808
316,2019,T,7.4392,0.26102456140350877,28.5,35.9392
317,2020,T,-10.906299999999998,-0.27850612870275787,39.16,28.2537
318,2015,ATO,0.1255999999999986,0.002246065808297543,55.92,56.0456
319,2016,ATO,4.471699999999991,0.07095683909869868,63.02,67.4917
320,2017,ATO,5.571399999999997,0.07494484799569541,74.34,79.9114
321,2018,ATO,2.2711999999999932,0.0264308157802862,85.93,88.2012
322,2019,ATO,16.324699999999993,0.1768848195904214,92.29,108.6147
323,2020,ATO,-17.243300000000005,-0.1539030703320243,112.04,94.7967
324,2015,ADSK,0.8699999999999974,0.014485514485514443,60.06,60.93
325,2016,ADSK,14.000000000000007,0.233294450924846,60.01,74.01
326,2017,ADSK,30.22,0.40503953893579947,74.61,104.83
327,2018,ADSK,23.27000000000001,0.22090374026960327,105.34,128.61
328,2019,ADSK,58.07000000000001,0.463115080947444,125.39,183.46
329,2020,ADSK,121.12999999999997,0.6575647358992452,184.21,305.34
330,2015,ADP,-7.6595999999999975,-0.09230657989877075,82.98,75.3204
331,2016,ADP,10.658899999999988,0.128528879778126,82.93,93.5889
332,2017,ADP,6.677000000000007,0.0652178159796836,102.38,109.057
333,2018,ADP,8.5638,0.07380677411014393,116.03,124.5938
334,2019,ADP,36.188199999999995,0.2801811706410653,129.16,165.3482
335,2020,ADP,3.342099999999988,0.019435333798557733,171.96,175.3021
336,2015,AZO,117.92999999999995,0.18899644219365996,623.98,741.91
337,2016,AZO,56.789999999999964,0.07747612551159613,733.0,789.79
338,2017,AZO,-84.21000000000004,-0.10584730636768148,795.58,711.37
339,2018,AZO,121.80000000000007,0.16998353197309302,716.54,838.34
340,2019,AZO,359.64,0.43243113254055093,831.67,1191.31
341,2020,AZO,-9.419999999999845,-0.007883768809734903,1194.86,1185.44
342,2015,AVB,-9.36699999999999,-0.057094965256613374,164.06,154.693
343,2016,AVB,-29.0205,-0.1591472443103921,182.35,153.3295
344,2017,AVB,-19.0342,-0.10675378575434659,178.3,159.2658
345,2018,AVB,-17.81479999999999,-0.09975250573940304,178.59,160.7752
346,2019,AVB,26.919100000000014,0.15598945355507918,172.57,199.4891
347,2020,AVB,-51.37990000000002,-0.24413142639931587,210.46,159.0801
348,2015,AVY,4.422799999999995,0.08484174179934768,52.13,56.5528
349,2016,AVY,3.1056000000000026,0.050350194552529225,61.68,64.7856
350,2017,AVY,37.253699999999995,0.5264796495195024,70.76,108.0137
351,2018,AVY,-29.029300000000006,-0.25209986973512816,115.15,86.1207
352,2019,AVY,39.28189999999999,0.4431622292418772,88.64,127.9219
353,2020,AVY,23.038600000000002,0.17515851896905651,131.53,154.5686
354,2015,BKR,,,,
355,2016,BKR,,,,
356,2017,BKR,,,,
357,2018,BKR,-11.886800000000001,-0.37485966572059287,31.71,19.8232
358,2019,BKR,3.1812000000000005,0.1501274185936763,21.19,24.3712
359,2020,BKR,-4.995100000000001,-0.19451323987538943,25.68,20.6849
360,2015,BLL,-33.79129999999999,-0.4925845481049562,68.6,34.8087
361,2016,BLL,-35.4265,-0.4947144253595866,71.61,36.1835
362,2017,BLL,-38.88399999999999,-0.5135913353586051,75.71,36.826
363,2018,BLL,7.048500000000004,0.18490293809024147,38.12,45.1685
364,2019,BLL,18.814300000000003,0.4157856353591161,45.25,64.0643
365,2020,BLL,28.346599999999995,0.4383268903664759,64.67,93.0166
366,2015,BAC,-2.808799999999998,-0.15613118399110607,17.99,15.1812
367,2016,BAC,3.791499999999999,0.2304863221884498,16.45,20.2415
368,2017,BAC,4.860999999999997,0.21508849557522108,22.6,27.461
369,2018,BAC,-6.401299999999999,-0.21516974789915963,29.75,23.3487
370,2019,BAC,10.047400000000003,0.41725083056478424,24.08,34.1274
371,2020,BAC,-5.188700000000001,-0.1467807637906648,35.35,30.1613
372,2015,BAX,-37.5875,-0.5106303491373455,73.61,36.0225
373,2016,BAX,4.6954000000000065,0.124678704195433,37.66,42.3554
374,2017,BAX,18.004099999999994,0.40568048670572315,44.38,62.3841
375,2018,BAX,-1.9014999999999986,-0.02877137237100921,66.09,64.1885
376,2019,BAX,16.414100000000005,0.24869848484848492,66.0,82.4141
377,2020,BAX,-5.009200000000007,-0.05893176470588243,85.0,79.9908
378,2015,BDX,2.9189999999999827,0.020809866685677497,140.27,143.189
379,2016,BDX,5.782099999999986,0.03838866020448802,150.62,156.4021
380,2017,BDX,43.303,0.26738499536894106,161.95,205.253
381,2018,BDX,3.7469000000000108,0.017420149704774797,215.09,218.8369
382,2019,BDX,45.45790000000002,0.20479299004369972,221.97,267.4279
383,2020,BDX,-22.72229999999996,-0.08351023558381404,272.09,249.3677
384,2015,BRK.B,-19.460000000000008,-0.1284488448844885,151.5,132.04
385,2016,BRK.B,32.81999999999999,0.2521511985248924,130.16,162.98
386,2017,BRK.B,33.879999999999995,0.20615796519410973,164.34,198.22
387,2018,BRK.B,5.310000000000002,0.026700859858198835,198.87,204.18
388,2019,BRK.B,24.77000000000001,0.12278788479651025,201.73,226.5
389,2020,BRK.B,4.360000000000014,0.019163992791525707,227.51,231.87
390,2015,BBY,-13.1768,-0.33640030635690576,39.17,25.9932
391,2016,BBY,8.287200000000002,0.27772117962466497,29.84,38.1272
392,2017,BBY,19.664700000000003,0.45678745644599317,43.05,62.7147
393,2018,BBY,-18.466700000000003,-0.27053472018751834,68.26,49.7933
394,2019,BBY,32.7115,0.6267771603755509,52.19,84.9015
395,2020,BBY,10.781599999999997,0.12197759927593615,88.39,99.1716
396,2015,BIO,17.189999999999998,0.14151642380834772,121.47,138.66
397,2016,BIO,45.69,0.33450472216121235,136.59,182.28
398,2017,BIO,55.70999999999998,0.30449278530826396,182.96,238.67
399,2018,BIO,-6.449999999999989,-0.02702476222399124,238.67,232.22
400,2019,BIO,140.29999999999998,0.6107169285683193,229.73,370.03
401,2020,BIO,210.86000000000007,0.5667060847129651,372.08,582.94
402,2015,BIIB,-36.48999999999995,-0.10643448839108609,342.84,306.35
403,2016,BIIB,-16.75999999999999,-0.05580342278750747,300.34,283.58
404,2017,BIIB,32.75,0.11458260443635855,285.82,318.57
405,2018,BIIB,-20.22999999999996,-0.06299237116612164,321.15,300.92
406,2019,BIIB,-0.1099999999999568,-0.00037057000404243633,296.84,296.73
407,2020,BIIB,-54.19999999999999,-0.1812345348759446,299.06,244.86
408,2015,BLK,-60.36540000000002,-0.16862785630482155,357.98,297.6146
409,2016,BLK,8.0933,0.0243012851309152,333.04,341.1333
410,2017,BLK,86.7527,0.22555431334823983,384.62,471.3727
411,2018,BLK,-149.1995,-0.2875968618682293,518.78,369.5805
412,2019,BLK,100.94740000000002,0.2613321942632288,386.28,487.2274
413,2020,BLK,207.20450000000005,0.40628333333333344,510.0,717.2045
414,2015,BA,-1.471100000000007,-0.011223773556115106,131.07,129.5989
415,2016,BA,2.8881000000000085,0.02042792474183059,141.38,144.2681
416,2017,BA,124.69220000000001,0.7977747920665388,156.3,280.9922
417,2018,BA,17.642200000000003,0.059652409129332215,295.75,313.3922
418,2019,BA,7.628899999999987,0.024127581517442005,316.19,323.8189
419,2020,BA,-114.49000000000001,-0.3484705524273322,328.55,214.06
420,2015,BKNG,130.95000000000005,0.11446678321678326,1144.0,1274.95
421,2016,BKNG,210.05999999999995,0.16724522292993627,1256.0,1466.06
422,2017,BKNG,260.8299999999999,0.1766052095252926,1476.91,1737.74
423,2018,BKNG,-27.669999999999845,-0.015810615454062274,1750.09,1722.42
424,2019,BKNG,362.48,0.21432668144863268,1691.25,2053.73
425,2020,BKNG,158.8699999999999,0.07680816089731188,2068.4,2227.27
426,2015,BWA,-15.518500000000003,-0.28092867487328027,55.24,39.7215
427,2016,BWA,-5.6702999999999975,-0.13348163841807906,42.48,36.8097
428,2017,BWA,8.395900000000005,0.21042355889724323,39.9,48.2959
429,2018,BWA,-18.040300000000002,-0.35111521992993383,51.38,33.3397
430,2019,BWA,8.345500000000001,0.24509544787077833,34.05,42.3955
431,2020,BWA,-5.505400000000002,-0.1251227272727273,44.0,38.4946
432,2015,BXP,-20.260800000000003,-0.15664759548476884,129.34,109.0792
433,2016,BXP,-15.4302,-0.12316570881226054,125.28,109.8498
434,2017,BXP,-11.375,-0.08907595927956147,127.7,116.325
435,2018,BXP,-26.725999999999985,-0.20496970626581784,130.39,103.664
436,2019,BXP,18.998599999999996,0.1700859444941808,111.7,130.6986
437,2020,BXP,-44.66080000000001,-0.3229269703543023,138.3,93.6392
438,2015,BSX,5.150000000000002,0.3875094055680965,13.29,18.44
439,2016,BSX,3.469999999999999,0.19107929515418495,18.16,21.63
440,2017,BSX,3.0700000000000003,0.14134438305709027,21.72,24.79
441,2018,BSX,10.400000000000002,0.41700080192461914,24.94,35.34
442,2019,BSX,10.57,0.30505050505050507,34.65,45.22
443,2020,BSX,-9.549999999999997,-0.20989010989010984,45.5,35.95
444,2015,BMY,-0.340600000000002,-0.005731112232879051,59.43,59.0894
445,2016,BMY,-16.3354,-0.24218532246108226,67.45,51.1146
446,2017,BMY,-3.7209000000000003,-0.06330214358625383,58.78,55.0591
447,2018,BMY,-13.448699999999995,-0.21903420195439732,61.4,47.9513
448,2019,BMY,9.971999999999994,0.19423451499805208,51.34,61.312
449,2020,BMY,-2.2978000000000023,-0.035987470634299176,63.85,61.5522
450,2015,AVGO,23.154999999999987,0.2294164272267907,100.93,124.085
451,2016,AVGO,11.348000000000013,0.07987611740691218,142.07,153.418
452,2017,AVGO,49.06870000000001,0.27521846429973645,178.29,227.3587
453,2018,AVGO,-27.504299999999972,-0.10587943180505822,259.77,232.2657
454,2019,AVGO,51.02240000000003,0.20503275065300394,248.85,299.8724
455,2020,AVGO,115.2328,0.3608693473631467,319.32,434.5528
456,2015,BR,2.7402999999999977,0.05924972972972968,46.25,48.9903
457,2016,BR,8.756400000000006,0.16549612549612563,52.91,61.6664
458,2017,BR,19.249200000000002,0.28937462417318105,66.52,85.7692
459,2018,BR,1.8033000000000072,0.019877645502645584,90.72,92.5233
460,2019,BR,26.057299999999998,0.2749820599409033,94.76,120.8173
461,2020,BR,27.900900000000007,0.22376213008260493,124.69,152.5909
462,2015,CHRW,-20.012699999999995,-0.2673707414829659,74.85,54.8373
463,2016,CHRW,5.258399999999995,0.08607628089703706,61.09,66.3484
464,2017,CHRW,9.120400000000004,0.12408707482993202,73.5,82.6204
465,2018,CHRW,-10.10159999999999,-0.11256518832181849,89.74,79.6384
466,2019,CHRW,-6.783500000000004,-0.08205515906616673,82.67,75.8865
467,2020,CHRW,14.852400000000003,0.18920254777070067,78.5,93.3524
468,2015,COG,-12.899099999999997,-0.43770274855785535,29.47,16.5709
469,2016,COG,4.291699999999999,0.24288058856819458,17.67,21.9617
470,2017,COG,4.090299999999999,0.17799390774586593,22.98,27.0703
471,2018,COG,-6.9435,-0.2452666902154716,28.31,21.3665
472,2019,COG,-5.173000000000002,-0.23407239819004533,22.1,16.927
473,2020,COG,-1.3283999999999985,-0.07582191780821909,17.52,16.1916
474,2015,CDNS,1.6600000000000001,0.08668407310704962,19.15,20.81
475,2016,CDNS,5.219999999999999,0.26099999999999995,20.0,25.22
476,2017,CDNS,16.39,0.6445143531262288,25.43,41.82
477,2018,CDNS,1.4799999999999969,0.035238095238095166,42.0,43.48
478,2019,CDNS,26.71,0.6262602579132474,42.65,69.36
479,2020,CDNS,66.25,0.9440011399259047,70.18,136.43
480,2015,CPB,0.9536000000000016,0.021623582766439945,44.1,45.0536
481,2016,CPB,1.0737999999999985,0.020677835547852852,51.93,53.0038
482,2017,CPB,-17.301000000000002,-0.2854950495049505,60.6,43.299
483,2018,CPB,-17.501800000000003,-0.3631078838174274,48.2,30.6982
484,2019,CPB,14.8765,0.45410561660561666,32.76,47.6365
485,2020,CPB,-1.4759000000000029,-0.02984630940343787,49.45,47.9741
486,2015,COF,-17.09490000000001,-0.2064850827394614,82.79,65.6951
487,2016,COF,10.53070000000001,0.14880175215486804,70.77,81.3007
488,2017,COF,6.010100000000008,0.06787238848108423,88.55,94.5601
489,2018,COF,-27.057599999999994,-0.27035971223021577,100.08,73.0224
490,2019,COF,26.739000000000004,0.3589609343536046,74.49,101.229
491,2020,COF,-4.888999999999996,-0.04727782612900103,103.41,98.521
492,2015,CAH,-5.935300000000012,-0.07311283567381142,81.18,75.2447
493,2016,CAH,-25.685800000000008,-0.29278240054713334,87.73,62.0442
494,2017,CAH,-17.790799999999997,-0.24712876788442836,71.99,54.1992
495,2018,CAH,-20.7819,-0.3368217179902755,61.7,40.9181
496,2019,CAH,4.159600000000005,0.09427923844061661,44.12,48.2796
497,2020,CAH,2.2149999999999963,0.04349960722702271,50.92,53.135
498,2015,KMX,-13.070000000000007,-0.19495823389021488,67.04,53.97
499,2016,KMX,11.29,0.2126177024482109,53.1,64.39
500,2017,KMX,-0.9000000000000057,-0.013839766261725445,65.03,64.13
501,2018,KMX,-1.5300000000000082,-0.023809523809523937,64.26,62.73
502,2019,KMX,25.770000000000003,0.4163166397415186,61.9,87.67
503,2020,KMX,6.489999999999995,0.07377515061952933,87.97,94.46
504,2015,CCL,1.6315000000000026,0.03553692006098895,45.91,47.5415
505,2016,CCL,-7.456599999999995,-0.13767725258493343,54.16,46.7034
506,2017,CCL,8.837800000000001,0.16920926670495887,52.23,61.0678
507,2018,CCL,-20.439799999999998,-0.30407319250223147,67.22,46.7802
508,2019,CCL,1.2989999999999995,0.026542705353494064,48.94,50.239
509,2020,CCL,-29.69,-0.578188899707887,51.35,21.66
510,2015,CARR,,,,
511,2016,CARR,,,,
512,2017,CARR,,,,
513,2018,CARR,,,,
514,2019,CARR,,,,
515,2020,CARR,,,,
516,2015,CTLT,-3.009999999999998,-0.10734664764621962,28.04,25.03
517,2016,CTLT,2.41,0.09816700610997964,24.55,26.96
518,2017,CTLT,13.989999999999998,0.5164267257290512,27.09,41.08
519,2018,CTLT,-10.189999999999998,-0.2463137539279671,41.37,31.18
520,2019,CTLT,25.439999999999998,0.8243681140635126,30.86,56.3
521,2020,CTLT,47.529999999999994,0.8406437920056596,56.54,104.07
522,2015,CAT,-33.571999999999996,-0.36582761250953466,91.77,58.198
523,2016,CAT,15.859800000000007,0.23713815789473697,66.88,82.7398
524,2017,CAT,50.79679999999999,0.540391489361702,94.0,144.7968
525,2018,CAT,-38.90270000000001,-0.245753000631712,158.3,119.3973
526,2019,CAT,18.621499999999997,0.15013706361364185,124.03,142.6515
527,2020,CAT,32.059,0.21516107382550334,149.0,181.059
528,2015,CBOE,-3.2896,-0.051496556042579834,63.88,60.5904
529,2016,CBOE,5.443100000000001,0.08432378001549189,64.55,69.9931
530,2017,CBOE,45.63409999999999,0.6193553203040172,73.68,119.3141
531,2018,CBOE,-30.14139999999999,-0.2413629083920563,124.88,94.7386
532,2019,CBOE,21.689800000000005,0.22607671461330003,95.94,117.6298
533,2020,CBOE,-26.969499999999996,-0.22530910609857974,119.7,92.7305
534,2015,CBRE,0.07000000000000028,0.002028397565922929,34.51,34.58
535,2016,CBRE,-2.350000000000005,-0.06944444444444459,33.84,31.49
536,2017,CBRE,11.310000000000002,0.35343750000000007,32.0,43.31
537,2018,CBRE,-3.6400000000000006,-0.08333333333333334,43.68,40.04
538,2019,CBRE,21.839999999999996,0.5536121673003801,39.45,61.29
539,2020,CBRE,0.8200000000000003,0.013247172859450733,61.9,62.72
540,2015,CDW,4.333600000000004,0.1229041406693138,35.26,39.5936
541,2016,CDW,8.183600000000006,0.19762376237623777,41.41,49.5936
542,2017,CDW,14.5959,0.2790269546931753,52.31,66.9059
543,2018,CDW,9.19319999999999,0.13183995410870486,69.73,78.9232
544,2019,CDW,61.00109999999998,0.7655760542168671,79.68,140.6811
545,2020,CDW,-13.024400000000014,-0.09014049415184451,144.49,131.4656
546,2015,CE,0.14709999999999468,0.002447994674654596,60.09,60.2371
547,2016,CE,5.690300000000008,0.08590428743961365,66.24,71.9303
548,2017,CE,20.222700000000003,0.2546298161672123,79.42,99.6427
549,2018,CE,-22.01660000000001,-0.20499627560521425,107.4,85.3834
550,2019,CE,30.816199999999995,0.3478911718220817,88.58,119.3962
551,2020,CE,5.364100000000008,0.04329378531073452,123.9,129.2641
552,2015,CNC,-73.41499999999999,-0.6905097817908201,106.32,32.905
553,2016,CNC,-36.355000000000004,-0.5626837950781614,64.61,28.255
554,2017,CNC,-6.789999999999999,-0.11864406779661016,57.23,50.44
555,2018,CNC,-43.050000000000004,-0.42750744786494543,100.7,57.65
556,2019,CNC,-51.190000000000005,-0.4487988777836227,114.06,62.87
557,2020,CNC,-2.9499999999999957,-0.04684026675134957,62.98,60.03
558,2015,CNP,-8.5679,-0.3653688699360341,23.45,14.8821
559,2016,CNP,2.706199999999999,0.14820372398685644,18.26,20.9662
560,2017,CNP,0.35350000000000037,0.01430016181229775,24.72,25.0735
561,2018,CNP,-2.379100000000001,-0.08380063402606555,28.39,26.0109
562,2019,CNP,-1.9806999999999988,-0.07033735795454542,28.16,26.1793
563,2020,CNP,-5.849599999999999,-0.2140358580314672,27.33,21.4804
564,2015,CERN,-5.852499999999999,-0.09014941466420208,64.92,59.0675
565,2016,CERN,-12.547999999999995,-0.21249788314987292,59.05,46.502
566,2017,CERN,18.45519999999999,0.38690146750524085,47.7,66.1552
567,2018,CERN,-16.070899999999995,-0.2379111769059955,67.55,51.4791
568,2019,CERN,21.135399999999997,0.41071511853867076,51.46,72.5954
569,2020,CERN,5.030000000000001,0.06848196051735876,73.45,78.48
570,2015,CF,-240.22160000000002,-0.8759858512927106,274.23,34.0084
571,2016,CF,-12.612600000000004,-0.31484273589615586,40.06,27.4474
572,2017,CF,6.500399999999999,0.20301061836352274,32.02,38.5204
573,2018,CF,-2.3599999999999994,-0.05506299580027997,42.86,40.5
574,2019,CF,2.9467,0.06899321002107234,42.71,45.6567
575,2020,CF,-9.739999999999995,-0.20211662170574798,48.19,38.45
576,2015,SCHW,0.48489999999999966,0.015945412693193016,30.41,30.8949
577,2016,SCHW,5.437700000000003,0.17019405320813782,31.95,37.3877
578,2017,SCHW,8.9878,0.22441448189762797,40.05,49.0378
579,2018,SCHW,-11.548399999999994,-0.22402327837051395,51.55,40.0016
580,2019,SCHW,5.8459999999999965,0.14363636363636353,40.7,46.546
581,2020,SCHW,5.1098,0.1069891122278057,47.76,52.8698
582,2015,CHTR,15.870000000000005,0.09489924056688397,167.23,183.1
583,2016,CHTR,107.36000000000001,0.5945945945945946,180.56,287.92
584,2017,CHTR,45.71999999999997,0.15752480705622923,290.24,335.96
585,2018,CHTR,-53.45999999999998,-0.15796471943976592,338.43,284.97
586,2019,CHTR,205.19,0.7331094358497982,279.89,485.08
587,2020,CHTR,174.13999999999993,0.3572762150961201,487.41,661.55
588,2015,CVX,-40.05709999999999,-0.35883812595180503,111.63,71.5729
589,2016,CVX,8.269899999999993,0.09237015525522163,89.53,97.7999
590,2017,CVX,-10.1918,-0.08609393478628148,118.38,108.1882
591,2018,CVX,-28.099799999999988,-0.22352875666215885,125.71,97.6102
592,2019,CVX,5.182999999999993,0.04828582075647468,107.34,112.523
593,2020,CVX,-37.5138,-0.31051899677179046,120.81,83.2962
